ID,isHappy
10001,1.0
10002,0.0
10003,0.0
10004,1.0
10005,0.0
10006,1.0
10007,0.0
10008,1.0
10009,1.0
10010,1.0
10011,1.0
10012,1.0
10013,0.0
10014,1.0
10015,1.0
10016,0.0
10017,0.0
10018,1.0
10019,0.0
10020,1.0
10021,0.0
10022,1.0
10023,1.0
10024,1.0
10025,0.0
10026,1.0
10027,1.0
10028,1.0
10029,1.0
10030,1.0
10031,0.0
10032,1.0
10033,1.0
10034,0.0
10035,1.0
10036,1.0
10037,0.0
10038,1.0
10039,1.0
10040,0.0
10041,0.0
10042,0.0
10043,0.0
10044,1.0
10045,1.0
10046,1.0
10047,0.0
10048,1.0
10049,0.0
10050,1.0
10051,1.0
10052,1.0
10053,1.0
10054,0.0
10055,0.0
10056,0.0
10057,0.0
10058,1.0
10059,0.0
10060,1.0
10061,0.0
10062,1.0
10063,1.0
10064,1.0
10065,0.0
10066,0.0
10067,1.0
10068,0.0
10069,1.0
10070,0.0
10071,1.0
10072,1.0
10073,1.0
10074,1.0
10075,1.0
10076,1.0
10077,0.0
10078,0.0
10079,1.0
10080,1.0
10081,0.0
10082,0.0
10083,0.0
10084,1.0
10085,0.0
10086,1.0
10087,0.0
10088,0.0
10089,1.0
10090,0.0
10091,0.0
10092,1.0
10093,1.0
10094,1.0
10095,1.0
10096,1.0
10097,1.0
10098,0.0
10099,0.0
10100,0.0
10101,0.0
10102,0.0
10103,1.0
10104,1.0
10105,0.0
10106,0.0
10107,0.0
10108,0.0
10109,0.0
10110,0.0
10111,0.0
10112,0.0
10113,0.0
10114,1.0
10115,1.0
10116,0.0
10117,1.0
10118,1.0
10119,1.0
10120,1.0
10121,1.0
10122,0.0
10123,0.0
10124,1.0
10125,0.0
10126,1.0
10127,1.0
10128,1.0
10129,1.0
10130,1.0
10131,1.0
10132,0.0
10133,1.0
10134,0.0
10135,0.0
10136,1.0
10137,0.0
10138,1.0
10139,1.0
10140,0.0
10141,1.0
10142,1.0
10143,0.0
10144,1.0
10145,0.0
10146,1.0
10147,1.0
10148,1.0
10149,0.0
10150,0.0
10151,1.0
10152,0.0
10153,1.0
10154,0.0
10155,1.0
10156,0.0
10157,1.0
10158,0.0
10159,1.0
10160,1.0
10161,0.0
10162,0.0
10163,1.0
10164,0.0
10165,0.0
10166,1.0
10167,0.0
10168,0.0
10169,1.0
10170,0.0
10171,0.0
10172,0.0
10173,1.0
10174,0.0
10175,1.0
10176,0.0
10177,1.0
10178,1.0
10179,0.0
10180,0.0
10181,1.0
10182,1.0
10183,1.0
10184,0.0
10185,1.0
10186,0.0
10187,0.0
10188,0.0
10189,0.0
10190,1.0
10191,1.0
10192,1.0
10193,1.0
10194,1.0
10195,1.0
10196,1.0
10197,1.0
10198,1.0
10199,0.0
10200,1.0
10201,1.0
10202,1.0
10203,1.0
10204,1.0
10205,1.0
10206,1.0
10207,0.0
10208,1.0
10209,0.0
10210,0.0
10211,0.0
10212,0.0
10213,0.0
10214,0.0
10215,1.0
10216,0.0
10217,1.0
10218,1.0
10219,1.0
10220,0.0
10221,1.0
10222,0.0
10223,0.0
10224,1.0
10225,1.0
10226,1.0
10227,0.0
10228,0.0
10229,1.0
10230,0.0
10231,1.0
10232,1.0
10233,1.0
10234,0.0
10235,1.0
10236,1.0
10237,1.0
10238,1.0
10239,1.0
10240,0.0
10241,0.0
10242,0.0
10243,1.0
10244,1.0
10245,0.0
10246,1.0
10247,1.0
10248,1.0
10249,1.0
10250,1.0
10251,1.0
10252,1.0
10253,1.0
10254,0.0
10255,1.0
10256,0.0
10257,1.0
10258,1.0
10259,0.0
10260,1.0
10261,1.0
10262,1.0
10263,1.0
10264,0.0
10265,1.0
10266,1.0
10267,1.0
10268,0.0
10269,1.0
10270,1.0
10271,0.0
10272,0.0
10273,1.0
10274,0.0
10275,1.0
10276,0.0
10277,0.0
10278,0.0
10279,1.0
10280,1.0
10281,1.0
10282,0.0
10283,0.0
10284,0.0
10285,0.0
10286,1.0
10287,0.0
10288,0.0
10289,1.0
10290,0.0
10291,1.0
10292,1.0
10293,0.0
10294,1.0
10295,0.0
10296,1.0
10297,0.0
10298,1.0
10299,0.0
10300,1.0
10301,1.0
10302,0.0
10303,1.0
10304,1.0
10305,0.0
10306,0.0
10307,1.0
10308,0.0
10309,0.0
10310,0.0
10311,1.0
10312,1.0
10313,1.0
10314,1.0
10315,0.0
10316,0.0
10317,0.0
10318,0.0
10319,1.0
10320,0.0
10321,1.0
10322,0.0
10323,1.0
10324,1.0
10325,1.0
10326,1.0
10327,1.0
10328,0.0
10329,1.0
10330,1.0
10331,0.0
10332,0.0
10333,0.0
10334,0.0
10335,1.0
10336,0.0
10337,1.0
10338,1.0
10339,0.0
10340,0.0
10341,0.0
10342,1.0
10343,1.0
10344,1.0
10345,0.0
10346,0.0
10347,0.0
10348,0.0
10349,1.0
10350,1.0
10351,1.0
10352,1.0
10353,1.0
10354,0.0
10355,0.0
10356,0.0
10357,1.0
10358,0.0
10359,0.0
10360,0.0
10361,0.0
10362,0.0
10363,1.0
10364,1.0
10365,1.0
10366,0.0
10367,1.0
10368,0.0
10369,1.0
10370,1.0
10371,0.0
10372,1.0
10373,0.0
10374,1.0
10375,0.0
10376,1.0
10377,0.0
10378,1.0
10379,1.0
10380,1.0
10381,1.0
10382,1.0
10383,1.0
10384,0.0
10385,0.0
10386,1.0
10387,1.0
10388,1.0
10389,1.0
10390,0.0
10391,0.0
10392,0.0
10393,1.0
10394,0.0
10395,1.0
10396,1.0
10397,0.0
10398,0.0
10399,1.0
10400,0.0
10401,0.0
10402,0.0
10403,1.0
10404,1.0
10405,0.0
10406,1.0
10407,0.0
10408,1.0
10409,1.0
10410,0.0
10411,1.0
10412,1.0
10413,1.0
10414,1.0
10415,1.0
10416,0.0
10417,0.0
10418,0.0
10419,1.0
10420,1.0
10421,0.0
10422,1.0
10423,1.0
10424,0.0
10425,0.0
10426,0.0
10427,0.0
10428,0.0
10429,1.0
10430,0.0
10431,0.0
10432,0.0
10433,0.0
10434,0.0
10435,0.0
10436,1.0
10437,1.0
10438,0.0
10439,1.0
10440,1.0
10441,1.0
10442,0.0
10443,1.0
10444,1.0
10445,1.0
10446,1.0
10447,1.0
10448,0.0
10449,0.0
10450,1.0
10451,1.0
10452,1.0
10453,1.0
10454,1.0
10455,1.0
10456,0.0
10457,1.0
10458,0.0
10459,0.0
10460,1.0
10461,0.0
10462,1.0
10463,1.0
10464,1.0
10465,0.0
10466,1.0
10467,1.0
10468,0.0
10469,0.0
10470,0.0
10471,0.0
10472,1.0
10473,1.0
10474,1.0
10475,1.0
10476,1.0
10477,0.0
10478,1.0
10479,0.0
10480,0.0
10481,0.0
10482,1.0
10483,1.0
10484,1.0
10485,1.0
10486,0.0
10487,1.0
10488,0.0
10489,0.0
10490,0.0
10491,0.0
10492,1.0
10493,1.0
10494,0.0
10495,0.0
10496,0.0
10497,1.0
10498,1.0
10499,0.0
10500,1.0
10501,0.0
10502,1.0
10503,1.0
10504,1.0
10505,0.0
10506,1.0
10507,1.0
10508,1.0
10509,1.0
10510,1.0
10511,0.0
10512,1.0
10513,0.0
10514,1.0
10515,1.0
10516,0.0
10517,0.0
10518,0.0
10519,1.0
10520,0.0
10521,1.0
10522,1.0
10523,1.0
10524,1.0
10525,0.0
10526,0.0
10527,1.0
10528,0.0
10529,1.0
10530,0.0
10531,1.0
10532,1.0
10533,1.0
10534,1.0
10535,1.0
10536,0.0
10537,0.0
10538,1.0
10539,0.0
10540,1.0
10541,0.0
10542,1.0
10543,0.0
10544,0.0
10545,1.0
10546,1.0
10547,1.0
10548,1.0
10549,1.0
10550,1.0
10551,0.0
10552,0.0
10553,1.0
10554,0.0
10555,0.0
10556,0.0
10557,1.0
10558,1.0
10559,1.0
10560,0.0
10561,1.0
10562,1.0
10563,0.0
10564,1.0
10565,1.0
10566,0.0
10567,1.0
10568,1.0
10569,0.0
10570,0.0
10571,0.0
10572,0.0
10573,1.0
10574,1.0
10575,1.0
10576,1.0
10577,1.0
10578,1.0
10579,1.0
10580,0.0
10581,1.0
10582,0.0
10583,0.0
10584,0.0
10585,0.0
10586,1.0
10587,0.0
10588,0.0
10589,0.0
10590,0.0
10591,1.0
10592,1.0
10593,0.0
10594,0.0
10595,1.0
10596,1.0
10597,1.0
10598,0.0
10599,1.0
10600,0.0
10601,1.0
10602,0.0
10603,0.0
10604,0.0
10605,0.0
10606,0.0
10607,0.0
10608,0.0
10609,1.0
10610,0.0
10611,0.0
10612,1.0
10613,1.0
10614,0.0
10615,1.0
10616,1.0
10617,1.0
10618,1.0
10619,1.0
10620,1.0
10621,1.0
10622,1.0
10623,0.0
10624,1.0
10625,0.0
10626,1.0
10627,1.0
10628,0.0
10629,1.0
10630,0.0
10631,0.0
10632,1.0
10633,1.0
10634,1.0
10635,0.0
10636,1.0
10637,1.0
10638,0.0
10639,0.0
10640,0.0
10641,1.0
10642,0.0
10643,1.0
10644,0.0
10645,1.0
10646,1.0
10647,0.0
10648,1.0
10649,1.0
10650,0.0
10651,0.0
10652,1.0
10653,1.0
10654,1.0
10655,1.0
10656,1.0
10657,0.0
10658,1.0
10659,1.0
10660,0.0
10661,1.0
10662,1.0
10663,1.0
10664,0.0
10665,0.0
10666,1.0
10667,1.0
10668,1.0
10669,1.0
10670,0.0
10671,1.0
10672,0.0
10673,1.0
10674,0.0
10675,1.0
10676,0.0
10677,0.0
10678,1.0
10679,0.0
10680,1.0
10681,0.0
10682,0.0
10683,1.0
10684,1.0
10685,0.0
10686,1.0
10687,1.0
10688,0.0
10689,1.0
10690,0.0
10691,1.0
10692,0.0
10693,1.0
10694,0.0
10695,1.0
10696,1.0
10697,0.0
10698,0.0
10699,0.0
10700,0.0
10701,0.0
10702,1.0
10703,1.0
10704,1.0
10705,1.0
10706,0.0
10707,1.0
10708,1.0
10709,1.0
10710,1.0
10711,0.0
10712,0.0
10713,1.0
10714,1.0
10715,1.0
10716,1.0
10717,0.0
10718,0.0
10719,1.0
10720,1.0
10721,0.0
10722,0.0
10723,0.0
10724,1.0
10725,1.0
10726,0.0
10727,1.0
10728,1.0
10729,0.0
10730,1.0
10731,0.0
10732,1.0
10733,0.0
10734,1.0
10735,0.0
10736,1.0
10737,1.0
10738,1.0
10739,1.0
10740,0.0
10741,1.0
10742,0.0
10743,1.0
10744,0.0
10745,0.0
10746,0.0
10747,0.0
10748,1.0
10749,1.0
10750,1.0
10751,0.0
10752,1.0
10753,0.0
10754,1.0
10755,1.0
10756,1.0
10757,0.0
10758,0.0
10759,0.0
10760,1.0
10761,1.0
10762,1.0
10763,0.0
10764,0.0
10765,0.0
10766,0.0
10767,0.0
10768,0.0
10769,1.0
10770,1.0
10771,1.0
10772,0.0
10773,1.0
10774,1.0
10775,0.0
10776,1.0
10777,1.0
10778,0.0
10779,1.0
10780,0.0
10781,1.0
10782,1.0
10783,1.0
10784,1.0
10785,0.0
10786,1.0
10787,1.0
10788,0.0
10789,0.0
10790,1.0
10791,1.0
10792,0.0
10793,1.0
10794,0.0
10795,0.0
10796,0.0
10797,1.0
10798,0.0
10799,1.0
10800,1.0
10801,0.0
10802,1.0
10803,1.0
10804,1.0
10805,0.0
10806,1.0
10807,1.0
10808,1.0
10809,1.0
10810,1.0
10811,1.0
10812,1.0
10813,0.0
10814,0.0
10815,1.0
10816,0.0
10817,0.0
10818,0.0
10819,0.0
10820,1.0
10821,1.0
10822,0.0
10823,0.0
10824,1.0
10825,0.0
10826,0.0
10827,0.0
10828,1.0
10829,1.0
10830,1.0
10831,1.0
10832,0.0
10833,0.0
10834,0.0
10835,1.0
10836,0.0
10837,1.0
10838,1.0
10839,1.0
10840,0.0
10841,1.0
10842,1.0
10843,1.0
10844,0.0
10845,1.0
10846,1.0
10847,1.0
10848,1.0
10849,1.0
10850,0.0
10851,0.0
10852,0.0
10853,1.0
10854,1.0
10855,0.0
10856,1.0
10857,0.0
10858,0.0
10859,1.0
10860,1.0
10861,1.0
10862,0.0
10863,0.0
10864,0.0
10865,0.0
10866,1.0
10867,0.0
10868,0.0
10869,0.0
10870,1.0
10871,1.0
10872,1.0
10873,1.0
10874,1.0
10875,1.0
10876,0.0
10877,1.0
10878,0.0
10879,1.0
10880,1.0
10881,0.0
10882,0.0
10883,1.0
10884,1.0
10885,1.0
10886,1.0
10887,1.0
10888,0.0
10889,1.0
10890,1.0
10891,1.0
10892,1.0
10893,0.0
10894,0.0
10895,1.0
10896,1.0
10897,1.0
10898,1.0
10899,0.0
10900,1.0
10901,1.0
10902,1.0
10903,1.0
10904,1.0
10905,1.0
10906,1.0
10907,0.0
10908,1.0
10909,1.0
10910,1.0
10911,0.0
10912,0.0
10913,0.0
10914,1.0
10915,1.0
10916,1.0
10917,1.0
10918,0.0
10919,1.0
10920,1.0
10921,0.0
10922,0.0
10923,1.0
10924,1.0
10925,0.0
10926,0.0
10927,1.0
10928,1.0
10929,1.0
10930,1.0
10931,1.0
10932,1.0
10933,0.0
10934,0.0
10935,1.0
10936,1.0
10937,0.0
10938,1.0
10939,0.0
10940,0.0
10941,1.0
10942,0.0
10943,1.0
10944,0.0
10945,0.0
10946,1.0
10947,1.0
10948,0.0
10949,1.0
10950,1.0
10951,1.0
10952,1.0
10953,1.0
10954,1.0
10955,1.0
10956,1.0
10957,1.0
10958,0.0
10959,1.0
10960,1.0
10961,0.0
10962,1.0
10963,1.0
10964,1.0
10965,1.0
10966,0.0
10967,0.0
10968,1.0
10969,1.0
10970,0.0
10971,1.0
10972,1.0
10973,1.0
10974,0.0
10975,1.0
10976,0.0
10977,1.0
10978,0.0
10979,0.0
10980,1.0
10981,0.0
10982,1.0
10983,1.0
10984,1.0
10985,1.0
10986,0.0
10987,1.0
10988,1.0
10989,1.0
10990,0.0
10991,0.0
10992,1.0
10993,0.0
10994,1.0
10995,0.0
10996,1.0
10997,0.0
10998,0.0
10999,0.0
11000,1.0
11001,0.0
11002,1.0
11003,1.0
11004,1.0
11005,1.0
11006,0.0
11007,1.0
11008,1.0
11009,0.0
11010,1.0
11011,0.0
11012,1.0
11013,1.0
11014,0.0
11015,1.0
11016,1.0
11017,0.0
11018,1.0
11019,1.0
11020,1.0
11021,0.0
11022,1.0
11023,1.0
11024,0.0
11025,0.0
11026,1.0
11027,0.0
11028,1.0
11029,1.0
11030,1.0
11031,0.0
11032,1.0
11033,0.0
11034,0.0
11035,0.0
11036,1.0
11037,0.0
11038,0.0
11039,0.0
11040,1.0
11041,0.0
11042,0.0
11043,0.0
11044,1.0
11045,0.0
11046,0.0
11047,1.0
11048,1.0
11049,1.0
11050,1.0
11051,0.0
11052,0.0
11053,1.0
11054,1.0
11055,0.0
11056,0.0
11057,0.0
11058,1.0
11059,1.0
11060,1.0
11061,0.0
11062,0.0
11063,0.0
11064,0.0
11065,1.0
11066,1.0
11067,0.0
11068,0.0
11069,1.0
11070,1.0
11071,0.0
11072,1.0
11073,1.0
11074,0.0
11075,0.0
11076,0.0
11077,0.0
11078,1.0
11079,1.0
11080,1.0
11081,0.0
11082,0.0
11083,0.0
11084,1.0
11085,0.0
11086,0.0
11087,1.0
11088,0.0
11089,1.0
11090,1.0
11091,0.0
11092,0.0
11093,1.0
11094,1.0
11095,1.0
11096,1.0
11097,1.0
11098,1.0
11099,0.0
11100,0.0
11101,1.0
11102,0.0
11103,1.0
11104,1.0
11105,0.0
11106,0.0
11107,0.0
11108,0.0
11109,0.0
11110,0.0
11111,0.0
11112,1.0
11113,0.0
11114,1.0
11115,0.0
11116,1.0
11117,1.0
11118,1.0
11119,1.0
11120,0.0
11121,1.0
11122,1.0
11123,0.0
11124,1.0
11125,1.0
11126,1.0
11127,1.0
11128,1.0
11129,0.0
11130,0.0
11131,1.0
11132,1.0
11133,1.0
11134,0.0
11135,0.0
11136,1.0
11137,1.0
11138,0.0
11139,0.0
11140,1.0
11141,1.0
11142,1.0
11143,0.0
11144,1.0
11145,1.0
11146,1.0
11147,1.0
11148,0.0
11149,1.0
11150,0.0
11151,0.0
11152,0.0
11153,1.0
11154,1.0
11155,1.0
11156,1.0
11157,1.0
11158,1.0
11159,1.0
11160,1.0
11161,0.0
11162,1.0
11163,0.0
11164,1.0
11165,0.0
11166,1.0
11167,1.0
11168,1.0
11169,1.0
11170,1.0
11171,1.0
11172,0.0
11173,1.0
11174,1.0
11175,0.0
11176,0.0
11177,1.0
11178,1.0
11179,0.0
11180,1.0
11181,0.0
11182,1.0
11183,0.0
11184,0.0
11185,0.0
11186,0.0
11187,1.0
11188,1.0
11189,1.0
11190,1.0
11191,1.0
11192,0.0
11193,0.0
11194,1.0
11195,0.0
11196,0.0
11197,1.0
11198,0.0
11199,1.0
11200,1.0
11201,1.0
11202,1.0
11203,1.0
11204,0.0
11205,0.0
11206,1.0
11207,1.0
11208,0.0
11209,1.0
11210,0.0
11211,1.0
11212,1.0
11213,0.0
11214,0.0
11215,1.0
11216,0.0
11217,1.0
11218,1.0
11219,0.0
11220,0.0
11221,0.0
11222,1.0
11223,1.0
11224,1.0
11225,1.0
11226,1.0
11227,0.0
11228,1.0
11229,0.0
11230,1.0
11231,0.0
11232,0.0
11233,0.0
11234,0.0
11235,1.0
11236,1.0
11237,1.0
11238,0.0
11239,0.0
11240,0.0
11241,1.0
11242,1.0
11243,1.0
11244,0.0
11245,1.0
11246,0.0
11247,1.0
11248,0.0
11249,1.0
11250,1.0
11251,1.0
11252,1.0
11253,0.0
11254,1.0
11255,1.0
11256,1.0
11257,1.0
11258,1.0
11259,0.0
11260,0.0
11261,1.0
11262,1.0
11263,1.0
11264,1.0
11265,1.0
11266,1.0
11267,1.0
11268,1.0
11269,1.0
11270,1.0
11271,1.0
11272,1.0
11273,0.0
11274,1.0
11275,1.0
11276,1.0
11277,1.0
11278,1.0
11279,1.0
11280,1.0
11281,1.0
11282,1.0
11283,0.0
11284,1.0
11285,0.0
11286,0.0
11287,1.0
11288,0.0
11289,0.0
11290,0.0
11291,0.0
11292,0.0
11293,0.0
11294,1.0
11295,0.0
11296,1.0
11297,0.0
11298,1.0
11299,0.0
11300,0.0
11301,1.0
11302,0.0
11303,1.0
11304,1.0
11305,1.0
11306,1.0
11307,1.0
11308,1.0
11309,1.0
11310,1.0
11311,0.0
11312,1.0
11313,1.0
11314,1.0
11315,0.0
11316,0.0
11317,0.0
11318,1.0
11319,0.0
11320,1.0
11321,1.0
11322,1.0
11323,1.0
11324,1.0
11325,1.0
11326,1.0
11327,0.0
11328,0.0
11329,1.0
11330,1.0
11331,0.0
11332,0.0
11333,1.0
11334,0.0
11335,0.0
11336,1.0
11337,1.0
11338,1.0
11339,1.0
11340,1.0
11341,1.0
11342,0.0
11343,0.0
11344,0.0
11345,1.0
11346,0.0
11347,1.0
11348,0.0
11349,1.0
11350,1.0
11351,1.0
11352,0.0
11353,0.0
11354,0.0
11355,0.0
11356,1.0
11357,0.0
11358,1.0
11359,1.0
11360,1.0
11361,1.0
11362,0.0
11363,1.0
11364,0.0
11365,1.0
11366,0.0
11367,1.0
11368,0.0
11369,1.0
11370,0.0
11371,1.0
11372,1.0
11373,1.0
11374,0.0
11375,1.0
11376,0.0
11377,1.0
11378,0.0
11379,1.0
11380,0.0
11381,1.0
11382,0.0
11383,0.0
11384,0.0
11385,1.0
11386,0.0
11387,1.0
11388,1.0
11389,1.0
11390,0.0
11391,1.0
11392,1.0
11393,0.0
11394,1.0
11395,1.0
11396,0.0
11397,0.0
11398,0.0
11399,1.0
11400,1.0
11401,0.0
11402,0.0
11403,1.0
11404,0.0
11405,1.0
11406,0.0
11407,1.0
11408,1.0
11409,1.0
11410,1.0
11411,1.0
11412,0.0
11413,1.0
11414,1.0
11415,1.0
11416,1.0
11417,0.0
11418,1.0
11419,1.0
11420,1.0
11421,0.0
11422,1.0
11423,1.0
11424,1.0
11425,0.0
11426,0.0
11427,1.0
11428,0.0
11429,1.0
11430,1.0
11431,0.0
11432,1.0
11433,1.0
11434,1.0
11435,0.0
11436,0.0
11437,1.0
11438,0.0
11439,1.0
11440,0.0
11441,1.0
11442,1.0
11443,1.0
11444,1.0
11445,0.0
11446,1.0
11447,1.0
11448,0.0
11449,1.0
11450,0.0
11451,1.0
11452,1.0
11453,0.0
11454,1.0
11455,0.0
11456,0.0
11457,0.0
11458,0.0
11459,0.0
11460,1.0
11461,1.0
11462,0.0
11463,1.0
11464,1.0
11465,1.0
11466,1.0
11467,0.0
11468,1.0
11469,1.0
11470,0.0
11471,1.0
11472,0.0
11473,1.0
11474,0.0
11475,0.0
11476,1.0
11477,1.0
11478,1.0
11479,0.0
11480,0.0
11481,0.0
11482,1.0
11483,1.0
11484,1.0
11485,1.0
11486,1.0
11487,1.0
11488,1.0
11489,1.0
11490,1.0
11491,1.0
11492,1.0
11493,1.0
11494,1.0
11495,0.0
11496,1.0
11497,0.0
11498,0.0
11499,0.0
11500,0.0
11501,1.0
11502,0.0
11503,1.0
11504,1.0
11505,0.0
11506,0.0
11507,1.0
11508,0.0
11509,1.0
11510,1.0
11511,1.0
11512,0.0
11513,0.0
11514,1.0
11515,0.0
11516,0.0
11517,1.0
11518,1.0
11519,0.0
11520,1.0
11521,1.0
11522,0.0
11523,1.0
11524,0.0
11525,1.0
11526,0.0
11527,1.0
11528,1.0
11529,0.0
11530,1.0
11531,1.0
11532,1.0
11533,1.0
11534,1.0
11535,0.0
11536,1.0
11537,0.0
11538,0.0
11539,1.0
11540,1.0
11541,0.0
11542,0.0
11543,1.0
11544,1.0
11545,0.0
11546,1.0
11547,0.0
11548,1.0
11549,1.0
11550,1.0
11551,1.0
11552,1.0
11553,0.0
11554,0.0
11555,0.0
11556,1.0
11557,0.0
11558,1.0
11559,1.0
11560,0.0
11561,1.0
11562,1.0
11563,1.0
11564,0.0
11565,0.0
11566,1.0
11567,0.0
11568,0.0
11569,0.0
11570,0.0
11571,0.0
11572,0.0
11573,0.0
11574,0.0
11575,0.0
11576,0.0
11577,1.0
11578,1.0
11579,1.0
11580,0.0
11581,0.0
11582,1.0
11583,0.0
11584,0.0
11585,0.0
11586,1.0
11587,0.0
11588,1.0
11589,0.0
11590,1.0
11591,1.0
11592,1.0
11593,0.0
11594,1.0
11595,1.0
11596,1.0
11597,0.0
11598,0.0
11599,0.0
11600,1.0
11601,0.0
11602,1.0
11603,0.0
11604,0.0
11605,0.0
11606,1.0
11607,1.0
11608,1.0
11609,1.0
11610,0.0
11611,0.0
11612,1.0
11613,0.0
11614,0.0
11615,1.0
11616,0.0
11617,1.0
11618,1.0
11619,0.0
11620,0.0
11621,1.0
11622,1.0
11623,0.0
11624,1.0
11625,1.0
11626,1.0
11627,0.0
11628,1.0
11629,1.0
11630,0.0
11631,0.0
11632,1.0
11633,1.0
11634,1.0
11635,1.0
11636,1.0
11637,1.0
11638,0.0
11639,1.0
11640,1.0
11641,1.0
11642,0.0
11643,0.0
11644,0.0
11645,1.0
11646,1.0
11647,1.0
11648,0.0
11649,0.0
11650,1.0
11651,1.0
11652,1.0
11653,0.0
11654,0.0
11655,1.0
11656,1.0
11657,1.0
11658,1.0
11659,1.0
11660,1.0
11661,0.0
11662,0.0
11663,0.0
11664,0.0
11665,0.0
11666,0.0
11667,1.0
11668,0.0
11669,0.0
11670,0.0
11671,1.0
11672,0.0
11673,0.0
11674,1.0
11675,1.0
11676,1.0
11677,1.0
11678,1.0
11679,1.0
11680,0.0
11681,0.0
11682,1.0
11683,0.0
11684,1.0
11685,1.0
11686,1.0
11687,0.0
11688,1.0
11689,1.0
11690,0.0
11691,1.0
11692,1.0
11693,1.0
11694,0.0
11695,1.0
11696,0.0
11697,0.0
11698,0.0
11699,1.0
11700,1.0
11701,1.0
11702,1.0
11703,1.0
11704,0.0
11705,0.0
11706,0.0
11707,1.0
11708,0.0
11709,1.0
11710,1.0
11711,1.0
11712,0.0
11713,1.0
11714,1.0
11715,0.0
11716,1.0
11717,1.0
11718,0.0
11719,1.0
11720,1.0
11721,1.0
11722,0.0
11723,0.0
11724,1.0
11725,0.0
11726,1.0
11727,0.0
11728,1.0
11729,1.0
11730,1.0
11731,1.0
11732,1.0
11733,1.0
11734,1.0
11735,1.0
11736,0.0
11737,0.0
11738,1.0
11739,1.0
11740,1.0
11741,0.0
11742,0.0
11743,1.0
11744,0.0
11745,1.0
11746,1.0
11747,0.0
11748,0.0
11749,1.0
11750,0.0
11751,1.0
11752,0.0
11753,1.0
11754,1.0
11755,1.0
11756,1.0
11757,1.0
11758,0.0
11759,1.0
11760,0.0
11761,0.0
11762,1.0
11763,0.0
11764,0.0
11765,0.0
11766,1.0
11767,0.0
11768,1.0
11769,1.0
11770,1.0
11771,0.0
11772,1.0
11773,1.0
11774,1.0
11775,0.0
11776,1.0
11777,1.0
11778,1.0
11779,0.0
11780,1.0
11781,1.0
11782,1.0
11783,0.0
11784,0.0
11785,0.0
11786,0.0
11787,1.0
11788,0.0
11789,1.0
11790,1.0
11791,1.0
11792,1.0
11793,1.0
11794,0.0
11795,1.0
11796,1.0
11797,1.0
11798,0.0
11799,1.0
11800,1.0
11801,1.0
11802,0.0
11803,0.0
11804,1.0
11805,0.0
11806,0.0
11807,1.0
11808,0.0
11809,1.0
11810,0.0
11811,1.0
11812,0.0
11813,1.0
11814,1.0
11815,1.0
11816,0.0
11817,0.0
11818,1.0
11819,1.0
11820,1.0
11821,1.0
11822,1.0
11823,0.0
11824,0.0
11825,0.0
11826,0.0
11827,1.0
11828,1.0
11829,1.0
11830,1.0
11831,1.0
11832,1.0
11833,1.0
11834,1.0
11835,1.0
11836,0.0
11837,0.0
11838,0.0
11839,1.0
11840,1.0
11841,0.0
11842,1.0
11843,0.0
11844,0.0
11845,1.0
11846,1.0
11847,1.0
11848,1.0
11849,0.0
11850,0.0
11851,0.0
11852,0.0
11853,1.0
11854,0.0
11855,0.0
11856,1.0
11857,0.0
11858,0.0
11859,1.0
11860,1.0
11861,1.0
11862,0.0
11863,0.0
11864,0.0
11865,0.0
11866,0.0
11867,1.0
11868,1.0
11869,0.0
11870,1.0
11871,0.0
11872,0.0
11873,0.0
11874,1.0
11875,1.0
11876,1.0
11877,1.0
11878,1.0
11879,0.0
11880,1.0
11881,1.0
11882,1.0
11883,1.0
11884,1.0
11885,1.0
11886,1.0
11887,1.0
11888,0.0
11889,1.0
11890,0.0
11891,0.0
11892,0.0
11893,0.0
11894,0.0
11895,1.0
11896,1.0
11897,1.0
11898,1.0
11899,1.0
11900,1.0
11901,0.0
11902,1.0
11903,0.0
11904,1.0
11905,1.0
11906,1.0
11907,1.0
11908,1.0
11909,0.0
11910,1.0
11911,1.0
11912,0.0
11913,0.0
11914,1.0
11915,0.0
11916,1.0
11917,0.0
11918,0.0
11919,1.0
11920,0.0
11921,1.0
11922,0.0
11923,0.0
11924,1.0
11925,1.0
11926,0.0
11927,1.0
11928,1.0
11929,1.0
11930,1.0
11931,1.0
11932,1.0
11933,0.0
11934,0.0
11935,0.0
11936,1.0
11937,1.0
11938,1.0
11939,1.0
11940,1.0
11941,1.0
11942,0.0
11943,1.0
11944,1.0
11945,1.0
11946,0.0
11947,1.0
11948,0.0
11949,1.0
11950,1.0
11951,0.0
11952,0.0
11953,0.0
11954,0.0
11955,1.0
11956,0.0
11957,1.0
11958,1.0
11959,0.0
11960,1.0
11961,0.0
11962,1.0
11963,1.0
11964,1.0
11965,0.0
11966,1.0
11967,0.0
11968,1.0
11969,1.0
11970,0.0
11971,1.0
11972,1.0
11973,0.0
11974,1.0
11975,0.0
11976,1.0
11977,1.0
11978,0.0
11979,0.0
11980,1.0
11981,0.0
11982,0.0
11983,0.0
11984,1.0
11985,1.0
11986,1.0
11987,0.0
11988,0.0
11989,0.0
11990,1.0
11991,1.0
11992,0.0
11993,1.0
11994,0.0
11995,1.0
11996,1.0
11997,1.0
11998,0.0
11999,0.0
12000,1.0
12001,0.0
12002,1.0
12003,1.0
12004,1.0
12005,0.0
12006,0.0
12007,1.0
12008,1.0
12009,1.0
12010,0.0
12011,1.0
12012,0.0
12013,0.0
12014,1.0
12015,1.0
12016,1.0
12017,0.0
12018,1.0
12019,0.0
12020,1.0
12021,1.0
12022,1.0
12023,0.0
12024,0.0
12025,1.0
12026,1.0
12027,1.0
12028,0.0
12029,1.0
12030,1.0
12031,0.0
12032,1.0
12033,1.0
12034,1.0
12035,1.0
12036,1.0
12037,0.0
12038,1.0
12039,0.0
12040,0.0
12041,1.0
12042,0.0
12043,0.0
12044,1.0
12045,1.0
12046,0.0
12047,1.0
12048,1.0
12049,1.0
12050,0.0
12051,1.0
12052,0.0
12053,1.0
12054,0.0
12055,1.0
12056,1.0
12057,0.0
12058,1.0
12059,0.0
12060,0.0
12061,1.0
12062,1.0
12063,1.0
12064,0.0
12065,1.0
12066,1.0
12067,0.0
12068,1.0
12069,1.0
12070,0.0
12071,0.0
12072,1.0
12073,1.0
12074,1.0
12075,0.0
12076,1.0
12077,0.0
12078,1.0
12079,1.0
12080,0.0
12081,1.0
12082,0.0
12083,0.0
12084,1.0
12085,1.0
12086,1.0
12087,1.0
12088,0.0
12089,0.0
12090,1.0
12091,1.0
12092,0.0
12093,0.0
12094,1.0
12095,1.0
12096,1.0
12097,0.0
12098,0.0
12099,0.0
12100,1.0
12101,1.0
12102,0.0
12103,1.0
12104,1.0
12105,1.0
12106,1.0
12107,1.0
12108,1.0
12109,1.0
12110,1.0
12111,0.0
12112,1.0
12113,1.0
12114,1.0
12115,0.0
12116,0.0
12117,1.0
12118,0.0
12119,0.0
12120,1.0
12121,1.0
12122,1.0
12123,1.0
12124,0.0
12125,0.0
12126,0.0
12127,1.0
12128,1.0
12129,1.0
12130,1.0
12131,0.0
12132,1.0
12133,1.0
12134,1.0
12135,1.0
12136,0.0
12137,1.0
12138,1.0
12139,1.0
12140,1.0
12141,1.0
12142,0.0
12143,0.0
12144,1.0
12145,0.0
12146,0.0
12147,1.0
12148,1.0
12149,0.0
12150,1.0
12151,1.0
12152,1.0
12153,0.0
12154,1.0
12155,1.0
12156,1.0
12157,0.0
12158,1.0
12159,0.0
12160,1.0
12161,1.0
12162,0.0
12163,1.0
12164,0.0
12165,1.0
12166,1.0
12167,0.0
12168,1.0
12169,1.0
12170,1.0
12171,1.0
12172,1.0
12173,1.0
12174,1.0
12175,0.0
12176,1.0
12177,1.0
12178,0.0
12179,0.0
12180,1.0
12181,0.0
12182,0.0
12183,1.0
12184,1.0
12185,1.0
12186,1.0
12187,1.0
12188,1.0
12189,0.0
12190,1.0
12191,1.0
12192,1.0
12193,0.0
12194,1.0
12195,0.0
12196,1.0
12197,0.0
12198,0.0
12199,0.0
12200,1.0
12201,1.0
12202,1.0
12203,1.0
12204,1.0
12205,1.0
12206,1.0
12207,0.0
12208,1.0
12209,0.0
12210,1.0
12211,0.0
12212,0.0
12213,1.0
12214,0.0
12215,1.0
12216,1.0
12217,0.0
12218,0.0
12219,0.0
12220,0.0
12221,0.0
12222,1.0
12223,1.0
12224,1.0
12225,0.0
12226,0.0
12227,0.0
12228,1.0
12229,0.0
12230,1.0
12231,1.0
12232,1.0
12233,0.0
12234,1.0
12235,0.0
12236,1.0
12237,1.0
12238,0.0
12239,0.0
12240,0.0
12241,1.0
12242,1.0
12243,1.0
12244,0.0
12245,0.0
12246,1.0
12247,1.0
12248,1.0
12249,1.0
12250,1.0
12251,0.0
12252,1.0
12253,1.0
12254,1.0
12255,0.0
12256,0.0
12257,0.0
12258,0.0
12259,1.0
12260,0.0
12261,1.0
12262,0.0
12263,0.0
12264,1.0
12265,1.0
12266,1.0
12267,1.0
12268,1.0
12269,1.0
12270,0.0
12271,1.0
12272,0.0
12273,0.0
12274,1.0
12275,1.0
12276,0.0
12277,1.0
12278,1.0
12279,1.0
12280,0.0
12281,1.0
12282,1.0
12283,0.0
12284,1.0
12285,0.0
12286,1.0
12287,0.0
12288,1.0
12289,1.0
12290,1.0
12291,0.0
12292,0.0
12293,1.0
12294,0.0
12295,0.0
12296,0.0
12297,0.0
12298,0.0
12299,0.0
12300,0.0
12301,0.0
12302,0.0
12303,1.0
12304,1.0
12305,1.0
12306,1.0
12307,0.0
12308,0.0
12309,0.0
12310,1.0
12311,1.0
12312,1.0
12313,0.0
12314,1.0
12315,0.0
12316,0.0
12317,1.0
12318,1.0
12319,1.0
12320,1.0
12321,1.0
12322,1.0
12323,1.0
12324,0.0
12325,1.0
12326,1.0
12327,1.0
12328,0.0
12329,1.0
12330,0.0
12331,0.0
12332,0.0
12333,0.0
12334,1.0
12335,1.0
12336,0.0
12337,1.0
12338,0.0
12339,0.0
12340,1.0
12341,0.0
12342,1.0
12343,1.0
12344,0.0
12345,1.0
12346,0.0
12347,0.0
12348,0.0
12349,0.0
12350,0.0
12351,1.0
12352,1.0
12353,1.0
12354,1.0
12355,0.0
12356,1.0
12357,1.0
12358,0.0
12359,1.0
12360,1.0
12361,1.0
12362,1.0
12363,1.0
12364,0.0
12365,1.0
12366,0.0
12367,1.0
12368,1.0
12369,0.0
12370,0.0
12371,1.0
12372,1.0
12373,0.0
12374,0.0
12375,0.0
12376,1.0
12377,1.0
12378,0.0
12379,1.0
12380,0.0
12381,0.0
12382,0.0
12383,1.0
12384,0.0
12385,0.0
12386,1.0
12387,0.0
12388,1.0
12389,0.0
12390,1.0
12391,0.0
12392,0.0
12393,1.0
12394,1.0
12395,0.0
12396,1.0
12397,0.0
12398,1.0
12399,1.0
12400,0.0
12401,0.0
12402,1.0
12403,0.0
12404,1.0
12405,0.0
12406,0.0
12407,0.0
12408,1.0
12409,1.0
12410,1.0
12411,1.0
12412,0.0
12413,1.0
12414,0.0
12415,1.0
12416,0.0
12417,0.0
12418,1.0
12419,1.0
12420,1.0
12421,1.0
12422,0.0
12423,1.0
12424,0.0
12425,0.0
12426,0.0
12427,0.0
12428,1.0
12429,1.0
12430,1.0
12431,0.0
12432,0.0
12433,0.0
12434,0.0
12435,1.0
12436,0.0
12437,1.0
12438,1.0
12439,1.0
12440,0.0
12441,0.0
12442,1.0
12443,0.0
12444,0.0
12445,0.0
12446,1.0
12447,0.0
12448,1.0
12449,0.0
12450,0.0
12451,1.0
12452,1.0
12453,0.0
12454,1.0
12455,1.0
12456,1.0
12457,1.0
12458,1.0
12459,1.0
12460,1.0
12461,0.0
12462,0.0
12463,1.0
12464,0.0
12465,1.0
12466,0.0
12467,1.0
12468,0.0
12469,1.0
12470,1.0
12471,1.0
12472,1.0
12473,1.0
12474,1.0
12475,0.0
12476,0.0
12477,0.0
12478,1.0
12479,1.0
12480,0.0
12481,0.0
12482,1.0
12483,0.0
12484,1.0
12485,0.0
12486,1.0
12487,1.0
12488,1.0
12489,0.0
12490,1.0
12491,1.0
12492,0.0
12493,1.0
12494,1.0
12495,1.0
12496,1.0
12497,1.0
12498,0.0
12499,1.0
12500,0.0
12501,1.0
12502,1.0
12503,1.0
12504,1.0
12505,0.0
12506,0.0
12507,1.0
12508,0.0
12509,1.0
12510,0.0
12511,1.0
12512,1.0
12513,1.0
12514,0.0
12515,0.0
12516,0.0
12517,1.0
12518,1.0
12519,1.0
12520,1.0
12521,0.0
12522,1.0
12523,1.0
12524,1.0
12525,0.0
12526,1.0
12527,0.0
12528,0.0
12529,1.0
12530,1.0
12531,1.0
12532,1.0
12533,1.0
12534,0.0
12535,1.0
12536,1.0
12537,1.0
12538,1.0
12539,1.0
12540,0.0
12541,0.0
12542,1.0
12543,1.0
12544,1.0
12545,0.0
12546,1.0
12547,1.0
12548,0.0
12549,0.0
12550,0.0
12551,1.0
12552,1.0
12553,1.0
12554,0.0
12555,0.0
12556,1.0
12557,1.0
12558,1.0
12559,0.0
12560,0.0
12561,0.0
12562,1.0
12563,0.0
12564,1.0
12565,1.0
12566,0.0
12567,0.0
12568,1.0
12569,0.0
12570,1.0
12571,0.0
12572,0.0
12573,1.0
12574,0.0
12575,1.0
12576,1.0
12577,0.0
12578,0.0
12579,0.0
12580,1.0
12581,1.0
12582,0.0
12583,1.0
12584,1.0
12585,0.0
12586,0.0
12587,0.0
12588,1.0
12589,0.0
12590,0.0
12591,1.0
12592,1.0
12593,1.0
12594,1.0
12595,0.0
12596,0.0
12597,1.0
12598,0.0
12599,1.0
12600,0.0
12601,1.0
12602,0.0
12603,1.0
12604,1.0
12605,0.0
12606,1.0
12607,1.0
12608,1.0
12609,0.0
12610,0.0
12611,1.0
12612,1.0
12613,1.0
12614,1.0
12615,1.0
12616,1.0
12617,1.0
12618,0.0
12619,1.0
12620,0.0
12621,1.0
12622,1.0
12623,1.0
12624,1.0
12625,0.0
12626,1.0
12627,0.0
12628,0.0
12629,1.0
12630,0.0
12631,0.0
12632,0.0
12633,1.0
12634,0.0
12635,0.0
12636,1.0
12637,0.0
12638,1.0
12639,0.0
12640,1.0
12641,0.0
12642,1.0
12643,0.0
12644,0.0
12645,1.0
12646,1.0
12647,1.0
12648,1.0
12649,1.0
12650,1.0
12651,1.0
12652,0.0
12653,1.0
12654,1.0
12655,1.0
12656,0.0
12657,0.0
12658,1.0
12659,1.0
12660,1.0
12661,1.0
12662,1.0
12663,0.0
12664,1.0
12665,0.0
12666,1.0
12667,0.0
12668,0.0
12669,1.0
12670,1.0
12671,1.0
12672,0.0
12673,0.0
12674,0.0
12675,0.0
12676,1.0
12677,1.0
12678,1.0
12679,0.0
12680,1.0
12681,0.0
12682,0.0
12683,0.0
12684,1.0
12685,1.0
12686,0.0
12687,1.0
12688,1.0
12689,1.0
12690,0.0
12691,1.0
12692,1.0
12693,0.0
12694,0.0
12695,1.0
12696,1.0
12697,1.0
12698,0.0
12699,1.0
12700,1.0
12701,0.0
12702,1.0
12703,0.0
12704,0.0
12705,0.0
12706,0.0
12707,1.0
12708,1.0
12709,1.0
12710,1.0
12711,1.0
12712,1.0
12713,0.0
12714,0.0
12715,0.0
12716,1.0
12717,0.0
12718,0.0
12719,1.0
12720,1.0
12721,0.0
12722,0.0
12723,0.0
12724,0.0
12725,0.0
12726,1.0
12727,0.0
12728,0.0
12729,1.0
12730,0.0
12731,1.0
12732,0.0
12733,1.0
12734,0.0
12735,1.0
12736,1.0
12737,1.0
12738,0.0
12739,1.0
12740,1.0
12741,1.0
12742,1.0
12743,1.0
12744,0.0
12745,1.0
12746,1.0
12747,1.0
12748,1.0
12749,0.0
12750,1.0
12751,1.0
12752,1.0
12753,1.0
12754,0.0
12755,1.0
12756,1.0
12757,1.0
12758,0.0
12759,1.0
12760,1.0
12761,1.0
12762,0.0
12763,0.0
12764,1.0
12765,1.0
12766,0.0
12767,0.0
12768,0.0
12769,1.0
12770,1.0
12771,0.0
12772,1.0
12773,1.0
12774,0.0
12775,1.0
12776,0.0
12777,0.0
12778,1.0
12779,1.0
12780,1.0
12781,1.0
12782,0.0
12783,1.0
12784,0.0
12785,1.0
12786,1.0
12787,0.0
12788,0.0
12789,0.0
12790,0.0
12791,1.0
12792,0.0
12793,0.0
12794,1.0
12795,1.0
12796,0.0
12797,1.0
12798,1.0
12799,0.0
12800,0.0
12801,0.0
12802,0.0
12803,1.0
12804,0.0
12805,1.0
12806,0.0
12807,1.0
12808,1.0
12809,0.0
12810,0.0
12811,0.0
12812,0.0
12813,0.0
12814,1.0
12815,1.0
12816,0.0
12817,1.0
12818,0.0
12819,1.0
12820,0.0
12821,1.0
12822,0.0
12823,1.0
12824,0.0
12825,0.0
12826,0.0
12827,0.0
12828,1.0
12829,1.0
12830,0.0
12831,0.0
12832,0.0
12833,1.0
12834,0.0
12835,1.0
12836,1.0
12837,0.0
12838,0.0
12839,0.0
12840,1.0
12841,0.0
12842,0.0
12843,1.0
12844,0.0
12845,0.0
12846,1.0
12847,0.0
12848,1.0
12849,1.0
12850,1.0
12851,1.0
12852,1.0
12853,0.0
12854,1.0
12855,1.0
12856,1.0
12857,1.0
12858,0.0
12859,0.0
12860,0.0
12861,0.0
12862,1.0
12863,1.0
12864,0.0
12865,0.0
12866,1.0
12867,1.0
12868,1.0
12869,1.0
12870,1.0
12871,1.0
12872,1.0
12873,0.0
12874,0.0
12875,0.0
12876,0.0
12877,1.0
12878,0.0
12879,0.0
12880,1.0
12881,0.0
12882,0.0
12883,1.0
12884,1.0
12885,0.0
12886,1.0
12887,1.0
12888,0.0
12889,1.0
12890,0.0
12891,1.0
12892,1.0
12893,0.0
12894,0.0
12895,1.0
12896,0.0
12897,1.0
12898,1.0
12899,1.0
12900,1.0
12901,1.0
12902,1.0
12903,1.0
12904,1.0
12905,1.0
12906,1.0
12907,0.0
12908,1.0
12909,1.0
12910,0.0
12911,1.0
12912,1.0
12913,1.0
12914,1.0
12915,1.0
12916,1.0
12917,1.0
12918,1.0
12919,1.0
12920,0.0
12921,0.0
12922,0.0
12923,1.0
12924,1.0
12925,1.0
12926,0.0
12927,1.0
12928,1.0
12929,0.0
12930,0.0
12931,0.0
12932,1.0
12933,0.0
12934,1.0
12935,1.0
12936,1.0
12937,1.0
12938,0.0
12939,0.0
12940,1.0
12941,0.0
12942,0.0
12943,1.0
12944,1.0
12945,1.0
12946,1.0
12947,1.0
12948,0.0
12949,1.0
12950,1.0
12951,0.0
12952,0.0
12953,0.0
12954,1.0
12955,1.0
12956,0.0
12957,0.0
12958,1.0
12959,0.0
12960,1.0
12961,1.0
12962,1.0
12963,1.0
12964,1.0
12965,0.0
12966,1.0
12967,1.0
12968,1.0
12969,0.0
12970,1.0
12971,1.0
12972,0.0
12973,0.0
12974,1.0
12975,1.0
12976,0.0
12977,0.0
12978,1.0
12979,0.0
12980,1.0
12981,1.0
12982,1.0
12983,0.0
12984,1.0
12985,0.0
12986,1.0
12987,1.0
12988,0.0
12989,0.0
12990,1.0
12991,1.0
12992,0.0
12993,0.0
12994,1.0
12995,0.0
12996,0.0
12997,0.0
12998,1.0
12999,0.0
13000,0.0
13001,0.0
13002,0.0
13003,0.0
13004,1.0
13005,1.0
13006,1.0
13007,1.0
13008,1.0
13009,0.0
13010,0.0
13011,1.0
13012,0.0
13013,1.0
13014,1.0
13015,1.0
13016,1.0
13017,0.0
13018,1.0
13019,0.0
13020,1.0
13021,1.0
13022,0.0
13023,0.0
13024,1.0
13025,0.0
13026,1.0
13027,1.0
13028,1.0
13029,1.0
13030,0.0
13031,1.0
13032,1.0
13033,1.0
13034,1.0
13035,0.0
13036,1.0
13037,0.0
13038,1.0
13039,0.0
13040,1.0
13041,0.0
13042,1.0
13043,1.0
13044,0.0
13045,1.0
13046,1.0
13047,1.0
13048,0.0
13049,1.0
13050,0.0
13051,1.0
13052,0.0
13053,0.0
13054,0.0
13055,1.0
13056,1.0
13057,0.0
13058,1.0
13059,0.0
13060,1.0
13061,0.0
13062,1.0
13063,0.0
13064,1.0
13065,1.0
13066,1.0
13067,1.0
13068,1.0
13069,1.0
13070,0.0
13071,0.0
13072,1.0
13073,1.0
13074,1.0
13075,1.0
13076,1.0
13077,0.0
13078,1.0
13079,1.0
13080,0.0
13081,1.0
13082,0.0
13083,1.0
13084,0.0
13085,0.0
13086,1.0
13087,1.0
13088,0.0
13089,0.0
13090,1.0
13091,0.0
13092,0.0
13093,1.0
13094,0.0
13095,0.0
13096,0.0
13097,1.0
13098,1.0
13099,1.0
13100,1.0
13101,1.0
13102,1.0
13103,0.0
13104,0.0
13105,0.0
13106,1.0
13107,1.0
13108,1.0
13109,1.0
13110,1.0
13111,1.0
13112,0.0
13113,1.0
13114,0.0
13115,0.0
13116,0.0
13117,1.0
13118,1.0
13119,1.0
13120,1.0
13121,1.0
13122,1.0
13123,1.0
13124,1.0
13125,1.0
13126,0.0
13127,0.0
13128,1.0
13129,1.0
13130,1.0
13131,0.0
13132,1.0
13133,0.0
13134,0.0
13135,1.0
13136,1.0
13137,1.0
13138,0.0
13139,0.0
13140,1.0
13141,0.0
13142,1.0
13143,1.0
13144,0.0
13145,0.0
13146,1.0
13147,1.0
13148,1.0
13149,1.0
13150,1.0
13151,0.0
13152,1.0
13153,0.0
13154,1.0
13155,1.0
13156,0.0
13157,1.0
13158,0.0
13159,0.0
13160,1.0
13161,1.0
13162,1.0
13163,0.0
13164,0.0
13165,0.0
13166,0.0
13167,0.0
13168,0.0
13169,0.0
13170,1.0
13171,0.0
13172,1.0
13173,0.0
13174,0.0
13175,0.0
13176,1.0
13177,1.0
13178,0.0
13179,1.0
13180,1.0
13181,1.0
13182,1.0
13183,1.0
13184,0.0
13185,1.0
13186,1.0
13187,1.0
13188,1.0
13189,1.0
13190,1.0
13191,0.0
13192,0.0
13193,0.0
13194,1.0
13195,1.0
13196,0.0
13197,1.0
13198,0.0
13199,1.0
13200,0.0
13201,1.0
13202,1.0
13203,1.0
13204,0.0
13205,0.0
13206,0.0
13207,1.0
13208,1.0
13209,1.0
13210,1.0
13211,1.0
13212,1.0
13213,0.0
13214,0.0
13215,0.0
13216,1.0
13217,0.0
13218,1.0
13219,1.0
13220,1.0
13221,0.0
13222,1.0
13223,0.0
13224,1.0
13225,1.0
13226,1.0
13227,1.0
13228,1.0
13229,0.0
13230,1.0
13231,0.0
13232,0.0
13233,0.0
13234,1.0
13235,1.0
13236,1.0
13237,0.0
13238,1.0
13239,1.0
13240,0.0
13241,0.0
13242,1.0
13243,1.0
13244,0.0
13245,0.0
13246,1.0
13247,1.0
13248,1.0
13249,0.0
13250,1.0
13251,1.0
13252,0.0
13253,0.0
13254,1.0
13255,1.0
13256,0.0
13257,1.0
13258,1.0
13259,0.0
13260,1.0
13261,1.0
13262,0.0
13263,1.0
13264,1.0
13265,1.0
13266,1.0
13267,1.0
13268,1.0
13269,1.0
13270,1.0
13271,1.0
13272,1.0
13273,1.0
13274,1.0
13275,1.0
13276,0.0
13277,1.0
13278,1.0
13279,1.0
13280,0.0
13281,0.0
13282,0.0
13283,1.0
13284,1.0
13285,0.0
13286,0.0
13287,0.0
13288,1.0
13289,1.0
13290,1.0
13291,1.0
13292,1.0
13293,1.0
13294,1.0
13295,0.0
13296,1.0
13297,0.0
13298,1.0
13299,0.0
13300,1.0
13301,1.0
13302,0.0
13303,1.0
13304,0.0
13305,0.0
13306,0.0
13307,1.0
13308,0.0
13309,0.0
13310,1.0
13311,0.0
13312,1.0
13313,1.0
13314,0.0
13315,1.0
13316,0.0
13317,1.0
13318,1.0
13319,0.0
13320,1.0
13321,1.0
13322,1.0
13323,1.0
13324,0.0
13325,1.0
13326,1.0
13327,1.0
13328,1.0
13329,0.0
13330,1.0
13331,1.0
13332,0.0
13333,0.0
13334,0.0
13335,0.0
13336,1.0
13337,1.0
13338,1.0
13339,1.0
13340,1.0
13341,1.0
13342,0.0
13343,0.0
13344,1.0
13345,1.0
13346,0.0
13347,1.0
13348,1.0
13349,1.0
13350,1.0
13351,0.0
13352,0.0
13353,1.0
13354,1.0
13355,1.0
13356,1.0
13357,0.0
13358,1.0
13359,1.0
13360,1.0
13361,1.0
13362,1.0
13363,1.0
13364,0.0
13365,0.0
13366,1.0
13367,1.0
13368,1.0
13369,0.0
13370,1.0
13371,1.0
13372,1.0
13373,1.0
13374,0.0
13375,0.0
13376,1.0
13377,1.0
13378,1.0
13379,0.0
13380,0.0
13381,0.0
13382,1.0
13383,1.0
13384,1.0
13385,0.0
13386,0.0
13387,0.0
13388,1.0
13389,1.0
13390,1.0
13391,1.0
13392,0.0
13393,1.0
13394,0.0
13395,1.0
13396,1.0
13397,1.0
13398,1.0
13399,0.0
13400,1.0
13401,0.0
13402,0.0
13403,1.0
13404,0.0
13405,1.0
13406,1.0
13407,0.0
13408,1.0
13409,1.0
13410,0.0
13411,0.0
13412,1.0
13413,1.0
13414,0.0
13415,0.0
13416,0.0
13417,1.0
13418,1.0
13419,1.0
13420,0.0
13421,0.0
13422,1.0
13423,0.0
13424,1.0
13425,1.0
13426,1.0
13427,0.0
13428,1.0
13429,1.0
13430,0.0
13431,0.0
13432,1.0
13433,0.0
13434,1.0
13435,1.0
13436,1.0
13437,0.0
13438,0.0
13439,1.0
13440,1.0
13441,0.0
13442,1.0
13443,1.0
13444,1.0
13445,1.0
13446,0.0
13447,0.0
13448,1.0
13449,1.0
13450,0.0
13451,0.0
13452,1.0
13453,0.0
13454,0.0
13455,0.0
13456,1.0
13457,1.0
13458,1.0
13459,1.0
13460,1.0
13461,1.0
13462,0.0
13463,0.0
13464,1.0
13465,0.0
13466,1.0
13467,0.0
13468,1.0
13469,0.0
13470,1.0
13471,0.0
13472,1.0
13473,1.0
13474,0.0
13475,0.0
13476,0.0
13477,1.0
13478,0.0
13479,0.0
13480,0.0
13481,1.0
13482,0.0
13483,0.0
13484,0.0
13485,1.0
13486,0.0
13487,0.0
13488,1.0
13489,1.0
13490,1.0
13491,0.0
13492,0.0
13493,1.0
13494,0.0
13495,0.0
13496,0.0
13497,0.0
13498,0.0
13499,1.0
13500,0.0
13501,1.0
13502,0.0
13503,1.0
13504,1.0
13505,1.0
13506,0.0
13507,1.0
13508,0.0
13509,0.0
13510,0.0
13511,0.0
13512,1.0
13513,0.0
13514,0.0
13515,1.0
13516,1.0
13517,1.0
13518,0.0
13519,1.0
13520,0.0
13521,1.0
13522,1.0
13523,1.0
13524,1.0
13525,0.0
13526,1.0
13527,1.0
13528,1.0
13529,1.0
13530,0.0
13531,0.0
13532,0.0
13533,1.0
13534,1.0
13535,0.0
13536,0.0
13537,1.0
13538,0.0
13539,1.0
13540,1.0
13541,1.0
13542,0.0
13543,1.0
13544,0.0
13545,1.0
13546,0.0
13547,0.0
13548,0.0
13549,0.0
13550,1.0
13551,1.0
13552,1.0
13553,1.0
13554,1.0
13555,0.0
13556,0.0
13557,0.0
13558,0.0
13559,1.0
13560,0.0
13561,1.0
13562,0.0
13563,1.0
13564,1.0
13565,1.0
13566,1.0
13567,0.0
13568,0.0
13569,1.0
13570,0.0
13571,1.0
13572,0.0
13573,1.0
13574,0.0
13575,1.0
13576,0.0
13577,0.0
13578,1.0
13579,0.0
13580,1.0
13581,1.0
13582,0.0
13583,0.0
13584,0.0
13585,0.0
13586,0.0
13587,0.0
13588,1.0
13589,1.0
13590,1.0
13591,0.0
13592,0.0
13593,0.0
13594,0.0
13595,0.0
13596,1.0
13597,1.0
13598,1.0
13599,1.0
13600,1.0
13601,1.0
13602,1.0
13603,1.0
13604,0.0
13605,1.0
13606,1.0
13607,0.0
13608,0.0
13609,0.0
13610,0.0
13611,1.0
13612,1.0
13613,1.0
13614,1.0
13615,1.0
13616,1.0
13617,1.0
13618,0.0
13619,1.0
13620,1.0
13621,1.0
13622,1.0
13623,1.0
13624,1.0
13625,0.0
13626,1.0
13627,1.0
13628,1.0
13629,0.0
13630,0.0
13631,1.0
13632,1.0
13633,1.0
13634,0.0
13635,1.0
13636,0.0
13637,0.0
13638,1.0
13639,0.0
13640,1.0
13641,1.0
13642,1.0
13643,1.0
13644,0.0
13645,1.0
13646,1.0
13647,1.0
13648,1.0
13649,1.0
13650,1.0
13651,1.0
13652,1.0
13653,1.0
13654,0.0
13655,0.0
13656,1.0
13657,0.0
13658,1.0
13659,1.0
13660,1.0
13661,1.0
13662,1.0
13663,1.0
13664,0.0
13665,1.0
13666,0.0
13667,1.0
13668,0.0
13669,1.0
13670,0.0
13671,0.0
13672,1.0
13673,0.0
13674,1.0
13675,1.0
13676,1.0
13677,0.0
13678,0.0
13679,0.0
13680,1.0
13681,0.0
13682,0.0
13683,0.0
13684,1.0
13685,1.0
13686,1.0
13687,1.0
13688,1.0
13689,0.0
13690,0.0
13691,0.0
13692,1.0
13693,1.0
13694,0.0
13695,0.0
13696,1.0
13697,1.0
13698,0.0
13699,1.0
13700,1.0
13701,0.0
13702,1.0
13703,1.0
13704,0.0
13705,0.0
13706,1.0
13707,1.0
13708,0.0
13709,0.0
13710,1.0
13711,0.0
13712,0.0
13713,1.0
13714,0.0
13715,1.0
13716,1.0
13717,0.0
13718,1.0
13719,1.0
13720,1.0
13721,0.0
13722,0.0
13723,0.0
13724,1.0
13725,1.0
13726,0.0
13727,1.0
13728,1.0
13729,1.0
13730,0.0
13731,1.0
13732,0.0
13733,0.0
13734,1.0
13735,1.0
13736,1.0
13737,0.0
13738,1.0
13739,0.0
13740,0.0
13741,0.0
13742,1.0
13743,1.0
13744,1.0
13745,0.0
13746,1.0
13747,0.0
13748,1.0
13749,0.0
13750,0.0
13751,0.0
13752,1.0
13753,0.0
13754,0.0
13755,1.0
13756,1.0
13757,1.0
13758,1.0
13759,0.0
13760,1.0
13761,1.0
13762,1.0
13763,0.0
13764,1.0
13765,1.0
13766,0.0
13767,0.0
13768,0.0
13769,0.0
13770,0.0
13771,1.0
13772,1.0
13773,1.0
13774,1.0
13775,1.0
13776,0.0
13777,1.0
13778,1.0
13779,1.0
13780,0.0
13781,0.0
13782,0.0
13783,1.0
13784,1.0
13785,1.0
13786,1.0
13787,0.0
13788,1.0
13789,0.0
13790,0.0
13791,0.0
13792,0.0
13793,0.0
13794,0.0
13795,0.0
13796,0.0
13797,0.0
13798,1.0
13799,0.0
13800,1.0
13801,1.0
13802,1.0
13803,0.0
13804,0.0
13805,1.0
13806,0.0
13807,1.0
13808,1.0
13809,1.0
13810,1.0
13811,1.0
13812,1.0
13813,0.0
13814,1.0
13815,0.0
13816,0.0
13817,0.0
13818,0.0
13819,0.0
13820,1.0
13821,1.0
13822,0.0
13823,0.0
13824,1.0
13825,1.0
13826,1.0
13827,1.0
13828,0.0
13829,0.0
13830,1.0
13831,1.0
13832,1.0
13833,0.0
13834,1.0
13835,1.0
13836,0.0
13837,1.0
13838,0.0
13839,1.0
13840,1.0
13841,0.0
13842,1.0
13843,1.0
13844,1.0
13845,1.0
13846,0.0
13847,0.0
13848,1.0
13849,0.0
13850,1.0
13851,0.0
13852,1.0
13853,1.0
13854,1.0
13855,1.0
13856,0.0
13857,1.0
13858,1.0
13859,0.0
13860,0.0
13861,0.0
13862,0.0
13863,0.0
13864,0.0
13865,1.0
13866,0.0
13867,0.0
13868,1.0
13869,1.0
13870,0.0
13871,0.0
13872,1.0
13873,1.0
13874,0.0
13875,1.0
13876,1.0
13877,1.0
13878,1.0
13879,1.0
13880,1.0
13881,0.0
13882,1.0
13883,1.0
13884,0.0
13885,1.0
13886,0.0
13887,0.0
13888,1.0
13889,0.0
13890,1.0
13891,1.0
13892,1.0
13893,0.0
13894,0.0
13895,0.0
13896,1.0
13897,0.0
13898,0.0
13899,0.0
13900,1.0
13901,1.0
13902,0.0
13903,1.0
13904,0.0
13905,0.0
13906,0.0
13907,0.0
13908,0.0
13909,0.0
13910,0.0
13911,1.0
13912,0.0
13913,1.0
13914,0.0
13915,0.0
13916,0.0
13917,1.0
13918,1.0
13919,0.0
13920,0.0
13921,1.0
13922,1.0
13923,1.0
13924,1.0
13925,1.0
13926,1.0
13927,1.0
13928,0.0
13929,0.0
13930,1.0
13931,1.0
13932,1.0
13933,1.0
13934,1.0
13935,0.0
13936,1.0
13937,0.0
13938,1.0
13939,1.0
13940,0.0
13941,1.0
13942,1.0
13943,1.0
13944,1.0
13945,0.0
13946,1.0
13947,1.0
13948,1.0
13949,1.0
13950,1.0
13951,1.0
13952,0.0
13953,1.0
13954,1.0
13955,1.0
13956,0.0
13957,0.0
13958,1.0
13959,0.0
13960,0.0
13961,1.0
13962,0.0
13963,1.0
13964,1.0
13965,1.0
13966,1.0
13967,1.0
13968,0.0
13969,1.0
13970,1.0
13971,1.0
13972,0.0
13973,1.0
13974,1.0
13975,0.0
13976,1.0
13977,0.0
13978,1.0
13979,0.0
13980,1.0
13981,1.0
13982,0.0
13983,1.0
13984,1.0
13985,1.0
13986,1.0
13987,0.0
13988,1.0
13989,0.0
13990,0.0
13991,1.0
13992,1.0
13993,1.0
13994,1.0
13995,0.0
13996,1.0
13997,1.0
13998,0.0
13999,1.0
14000,1.0
14001,0.0
14002,1.0
14003,1.0
14004,1.0
14005,0.0
14006,1.0
14007,1.0
14008,1.0
14009,1.0
14010,0.0
14011,1.0
14012,1.0
14013,1.0
14014,1.0
14015,1.0
14016,1.0
14017,1.0
14018,1.0
14019,1.0
14020,1.0
14021,1.0
14022,1.0
14023,1.0
14024,1.0
14025,1.0
14026,1.0
14027,1.0
14028,0.0
14029,1.0
14030,0.0
14031,0.0
14032,1.0
14033,1.0
14034,0.0
14035,0.0
14036,1.0
14037,1.0
14038,1.0
14039,1.0
14040,1.0
14041,1.0
14042,1.0
14043,0.0
14044,0.0
14045,1.0
14046,1.0
14047,0.0
14048,0.0
14049,0.0
14050,1.0
14051,1.0
14052,0.0
14053,0.0
14054,0.0
14055,0.0
14056,1.0
14057,1.0
14058,1.0
14059,0.0
14060,0.0
14061,1.0
14062,0.0
14063,0.0
14064,1.0
14065,1.0
14066,1.0
14067,0.0
14068,1.0
14069,1.0
14070,1.0
14071,1.0
14072,0.0
14073,1.0
14074,1.0
14075,0.0
14076,0.0
14077,1.0
14078,1.0
14079,1.0
14080,1.0
14081,1.0
14082,1.0
14083,1.0
14084,1.0
14085,0.0
14086,0.0
14087,0.0
14088,0.0
14089,0.0
14090,0.0
14091,0.0
14092,0.0
14093,1.0
14094,1.0
14095,0.0
14096,1.0
14097,1.0
14098,0.0
14099,0.0
14100,0.0
14101,0.0
14102,1.0
14103,0.0
14104,1.0
14105,1.0
14106,1.0
14107,1.0
14108,0.0
14109,0.0
14110,0.0
14111,1.0
14112,0.0
14113,1.0
14114,1.0
14115,1.0
14116,0.0
14117,0.0
14118,1.0
14119,1.0
14120,0.0
14121,0.0
14122,0.0
14123,0.0
14124,1.0
14125,0.0
14126,1.0
14127,1.0
14128,1.0
14129,0.0
14130,0.0
14131,0.0
14132,0.0
14133,1.0
14134,1.0
14135,0.0
14136,0.0
14137,0.0
14138,1.0
14139,1.0
14140,1.0
14141,1.0
14142,0.0
14143,0.0
14144,0.0
14145,0.0
14146,0.0
14147,0.0
14148,1.0
14149,1.0
14150,1.0
14151,0.0
14152,1.0
14153,1.0
14154,0.0
14155,1.0
14156,1.0
14157,1.0
14158,1.0
14159,1.0
14160,0.0
14161,0.0
14162,0.0
14163,1.0
14164,1.0
14165,0.0
14166,1.0
14167,1.0
14168,1.0
14169,1.0
14170,0.0
14171,1.0
14172,0.0
14173,1.0
14174,0.0
14175,1.0
14176,0.0
14177,1.0
14178,1.0
14179,0.0
14180,1.0
14181,1.0
14182,0.0
14183,1.0
14184,0.0
14185,1.0
14186,1.0
14187,1.0
14188,1.0
14189,0.0
14190,1.0
14191,1.0
14192,0.0
14193,0.0
14194,0.0
14195,1.0
14196,0.0
14197,0.0
14198,1.0
14199,1.0
14200,1.0
14201,1.0
14202,0.0
14203,1.0
14204,1.0
14205,0.0
14206,0.0
14207,1.0
14208,0.0
14209,0.0
14210,0.0
14211,0.0
14212,1.0
14213,0.0
14214,0.0
14215,0.0
14216,1.0
14217,1.0
14218,1.0
14219,0.0
14220,1.0
14221,1.0
14222,0.0
14223,1.0
14224,0.0
14225,0.0
14226,1.0
14227,1.0
14228,1.0
14229,1.0
14230,1.0
14231,1.0
14232,1.0
14233,0.0
14234,0.0
14235,0.0
14236,0.0
14237,1.0
14238,1.0
14239,0.0
14240,0.0
14241,0.0
14242,1.0
14243,0.0
14244,1.0
14245,1.0
14246,1.0
14247,1.0
14248,0.0
14249,0.0
14250,1.0
14251,1.0
14252,1.0
14253,1.0
14254,0.0
14255,0.0
14256,0.0
14257,1.0
14258,1.0
14259,1.0
14260,1.0
14261,0.0
14262,0.0
14263,1.0
14264,0.0
14265,0.0
14266,1.0
14267,1.0
14268,1.0
14269,0.0
14270,0.0
14271,0.0
14272,0.0
14273,0.0
14274,1.0
14275,1.0
14276,1.0
14277,0.0
14278,0.0
14279,1.0
14280,1.0
14281,1.0
14282,1.0
14283,0.0
14284,0.0
14285,1.0
14286,0.0
14287,1.0
14288,0.0
14289,0.0
14290,1.0
14291,1.0
14292,1.0
14293,0.0
14294,0.0
14295,1.0
14296,1.0
14297,0.0
14298,0.0
14299,0.0
14300,1.0
14301,0.0
14302,0.0
14303,0.0
14304,1.0
14305,0.0
14306,1.0
14307,0.0
14308,1.0
14309,1.0
14310,0.0
14311,1.0
14312,1.0
14313,1.0
14314,1.0
14315,1.0
14316,1.0
14317,1.0
14318,1.0
14319,1.0
14320,0.0
14321,1.0
14322,1.0
14323,1.0
14324,0.0
14325,1.0
14326,1.0
14327,1.0
14328,1.0
14329,1.0
14330,1.0
14331,0.0
14332,1.0
14333,0.0
14334,1.0
14335,0.0
14336,1.0
14337,0.0
14338,1.0
14339,0.0
14340,0.0
14341,1.0
14342,1.0
14343,1.0
14344,1.0
14345,0.0
14346,0.0
14347,1.0
14348,1.0
14349,0.0
14350,0.0
14351,1.0
14352,1.0
14353,1.0
14354,0.0
14355,0.0
14356,0.0
14357,1.0
14358,1.0
14359,0.0
14360,0.0
14361,0.0
14362,0.0
14363,0.0
14364,1.0
14365,1.0
14366,1.0
14367,0.0
14368,0.0
14369,1.0
14370,0.0
14371,0.0
14372,1.0
14373,0.0
14374,1.0
14375,0.0
14376,0.0
14377,0.0
14378,1.0
14379,1.0
14380,0.0
14381,0.0
14382,0.0
14383,1.0
14384,1.0
14385,1.0
14386,1.0
14387,1.0
14388,0.0
14389,0.0
14390,0.0
14391,1.0
14392,1.0
14393,1.0
14394,0.0
14395,0.0
14396,0.0
14397,1.0
14398,0.0
14399,1.0
14400,1.0
14401,0.0
14402,0.0
14403,0.0
14404,1.0
14405,1.0
14406,1.0
14407,1.0
14408,0.0
14409,1.0
14410,1.0
14411,1.0
14412,0.0
14413,0.0
14414,1.0
14415,1.0
14416,1.0
14417,1.0
14418,1.0
14419,1.0
14420,1.0
14421,1.0
14422,0.0
14423,1.0
14424,0.0
14425,1.0
14426,0.0
14427,0.0
14428,1.0
14429,1.0
14430,1.0
14431,1.0
14432,0.0
14433,1.0
14434,0.0
14435,0.0
14436,1.0
14437,1.0
14438,1.0
14439,0.0
14440,1.0
14441,1.0
14442,1.0
14443,0.0
14444,1.0
14445,0.0
14446,1.0
14447,1.0
14448,0.0
14449,1.0
14450,0.0
14451,1.0
14452,0.0
14453,1.0
14454,1.0
14455,0.0
14456,1.0
14457,0.0
14458,0.0
14459,0.0
14460,0.0
14461,1.0
14462,1.0
14463,0.0
14464,1.0
14465,0.0
14466,1.0
14467,0.0
14468,1.0
14469,0.0
14470,1.0
14471,1.0
14472,1.0
14473,1.0
14474,1.0
14475,0.0
14476,0.0
14477,1.0
14478,0.0
14479,1.0
14480,1.0
14481,1.0
14482,1.0
14483,1.0
14484,1.0
14485,1.0
14486,1.0
14487,1.0
14488,1.0
14489,1.0
14490,1.0
14491,1.0
14492,0.0
14493,1.0
14494,1.0
14495,0.0
14496,0.0
14497,1.0
14498,1.0
14499,0.0
14500,0.0
14501,1.0
14502,0.0
14503,1.0
14504,0.0
14505,0.0
14506,1.0
14507,1.0
14508,0.0
14509,0.0
14510,0.0
14511,1.0
14512,1.0
14513,0.0
14514,0.0
14515,1.0
14516,0.0
14517,0.0
14518,1.0
14519,1.0
14520,0.0
14521,1.0
14522,1.0
14523,1.0
14524,1.0
14525,0.0
14526,1.0
14527,1.0
14528,1.0
14529,0.0
14530,1.0
14531,1.0
14532,1.0
14533,0.0
14534,1.0
14535,1.0
14536,0.0
14537,0.0
14538,0.0
14539,1.0
14540,0.0
14541,0.0
14542,1.0
14543,0.0
14544,0.0
14545,1.0
14546,0.0
14547,1.0
14548,1.0
14549,1.0
14550,0.0
14551,1.0
14552,0.0
14553,1.0
14554,0.0
14555,1.0
14556,0.0
14557,1.0
14558,0.0
14559,0.0
14560,1.0
14561,0.0
14562,1.0
14563,1.0
14564,0.0
14565,1.0
14566,0.0
14567,0.0
14568,1.0
14569,1.0
14570,1.0
14571,1.0
14572,0.0
14573,0.0
14574,0.0
14575,0.0
14576,1.0
14577,1.0
14578,1.0
14579,0.0
14580,1.0
14581,1.0
14582,0.0
14583,1.0
14584,0.0
14585,1.0
14586,1.0
14587,1.0
14588,0.0
14589,1.0
14590,1.0
14591,0.0
14592,0.0
14593,1.0
14594,0.0
14595,1.0
14596,0.0
14597,0.0
14598,1.0
14599,1.0
14600,1.0
14601,1.0
14602,1.0
14603,1.0
14604,1.0
14605,1.0
14606,0.0
14607,1.0
14608,0.0
14609,1.0
14610,1.0
14611,1.0
14612,0.0
14613,0.0
14614,0.0
14615,0.0
14616,0.0
14617,0.0
14618,1.0
14619,0.0
14620,1.0
14621,1.0
14622,0.0
14623,1.0
14624,0.0
14625,1.0
14626,1.0
14627,1.0
14628,1.0
14629,0.0
14630,1.0
14631,0.0
14632,0.0
14633,0.0
14634,1.0
14635,1.0
14636,1.0
14637,1.0
14638,0.0
14639,0.0
14640,1.0
14641,1.0
14642,1.0
14643,0.0
14644,0.0
14645,0.0
14646,0.0
14647,1.0
14648,1.0
14649,1.0
14650,1.0
14651,1.0
14652,0.0
14653,0.0
14654,1.0
14655,1.0
14656,1.0
14657,0.0
14658,1.0
14659,0.0
14660,0.0
14661,1.0
14662,1.0
14663,1.0
14664,0.0
14665,1.0
14666,1.0
14667,1.0
14668,1.0
14669,0.0
14670,1.0
14671,1.0
14672,0.0
14673,0.0
14674,1.0
14675,1.0
14676,1.0
14677,1.0
14678,1.0
14679,0.0
14680,0.0
14681,1.0
14682,0.0
14683,0.0
14684,0.0
14685,1.0
14686,0.0
14687,1.0
14688,0.0
14689,1.0
14690,0.0
14691,1.0
14692,1.0
14693,0.0
14694,0.0
14695,0.0
14696,0.0
14697,1.0
14698,1.0
14699,1.0
14700,1.0
14701,1.0
14702,1.0
14703,0.0
14704,0.0
14705,1.0
14706,0.0
14707,1.0
14708,0.0
14709,1.0
14710,1.0
14711,0.0
14712,0.0
14713,0.0
14714,1.0
14715,0.0
14716,0.0
14717,1.0
14718,1.0
14719,0.0
14720,1.0
14721,1.0
14722,1.0
14723,0.0
14724,0.0
14725,1.0
14726,0.0
14727,0.0
14728,0.0
14729,1.0
14730,0.0
14731,1.0
14732,1.0
14733,1.0
14734,1.0
14735,0.0
14736,0.0
14737,1.0
14738,1.0
14739,1.0
14740,0.0
14741,0.0
14742,1.0
14743,1.0
14744,1.0
14745,0.0
14746,1.0
14747,0.0
14748,1.0
14749,1.0
14750,0.0
14751,0.0
14752,1.0
14753,1.0
14754,1.0
14755,1.0
14756,0.0
14757,0.0
14758,1.0
14759,0.0
14760,1.0
14761,0.0
14762,0.0
14763,1.0
14764,1.0
14765,0.0
14766,0.0
14767,1.0
14768,0.0
14769,1.0
14770,1.0
14771,1.0
14772,1.0
14773,1.0
14774,0.0
14775,1.0
14776,0.0
14777,0.0
14778,0.0
14779,1.0
14780,0.0
14781,0.0
14782,0.0
14783,1.0
14784,0.0
14785,0.0
14786,0.0
14787,1.0
14788,0.0
14789,1.0
14790,1.0
14791,1.0
14792,0.0
14793,0.0
14794,0.0
14795,0.0
14796,1.0
14797,0.0
14798,1.0
14799,1.0
14800,1.0
14801,0.0
14802,1.0
14803,1.0
14804,1.0
14805,0.0
14806,1.0
14807,1.0
14808,1.0
14809,0.0
14810,0.0
14811,1.0
14812,0.0
14813,0.0
14814,1.0
14815,1.0
14816,1.0
14817,1.0
14818,1.0
14819,1.0
14820,0.0
14821,0.0
14822,0.0
14823,1.0
14824,0.0
14825,0.0
14826,1.0
14827,1.0
14828,1.0
14829,1.0
14830,0.0
14831,1.0
14832,1.0
14833,0.0
14834,0.0
14835,1.0
14836,0.0
14837,1.0
14838,1.0
14839,1.0
14840,1.0
14841,1.0
14842,1.0
14843,1.0
14844,0.0
14845,0.0
14846,0.0
14847,0.0
14848,1.0
14849,0.0
14850,1.0
14851,1.0
14852,0.0
14853,0.0
14854,1.0
14855,1.0
14856,0.0
14857,1.0
14858,1.0
14859,1.0
14860,0.0
14861,0.0
14862,1.0
14863,1.0
14864,1.0
14865,1.0
14866,0.0
14867,1.0
14868,1.0
14869,1.0
14870,0.0
14871,1.0
14872,1.0
14873,0.0
14874,0.0
14875,0.0
14876,1.0
14877,0.0
14878,0.0
14879,0.0
14880,1.0
14881,0.0
14882,0.0
14883,1.0
14884,0.0
14885,1.0
14886,0.0
14887,0.0
14888,1.0
14889,0.0
14890,0.0
14891,0.0
14892,1.0
14893,1.0
14894,1.0
14895,1.0
14896,1.0
14897,0.0
14898,1.0
14899,0.0
14900,1.0
14901,1.0
14902,0.0
14903,0.0
14904,1.0
14905,0.0
14906,0.0
14907,0.0
14908,0.0
14909,1.0
14910,1.0
14911,0.0
14912,0.0
14913,0.0
14914,1.0
14915,0.0
14916,1.0
14917,1.0
14918,1.0
14919,0.0
14920,1.0
14921,1.0
14922,0.0
14923,1.0
14924,0.0
14925,1.0
14926,0.0
14927,1.0
14928,1.0
14929,1.0
14930,0.0
14931,1.0
14932,0.0
14933,1.0
14934,1.0
14935,0.0
14936,1.0
14937,1.0
14938,0.0
14939,0.0
14940,1.0
14941,1.0
14942,1.0
14943,0.0
14944,0.0
14945,0.0
14946,0.0
14947,1.0
14948,0.0
14949,0.0
14950,1.0
14951,0.0
14952,0.0
14953,0.0
14954,0.0
14955,1.0
14956,1.0
14957,1.0
14958,1.0
14959,1.0
14960,0.0
14961,0.0
14962,0.0
14963,1.0
14964,0.0
14965,1.0
14966,0.0
14967,1.0
14968,0.0
14969,1.0
14970,1.0
14971,0.0
14972,0.0
14973,0.0
14974,1.0
14975,0.0
14976,0.0
14977,1.0
14978,0.0
14979,0.0
14980,0.0
14981,1.0
14982,0.0
14983,1.0
14984,0.0
14985,1.0
14986,0.0
14987,0.0
14988,0.0
14989,0.0
14990,1.0
14991,0.0
14992,0.0
14993,1.0
14994,1.0
14995,0.0
14996,0.0
14997,0.0
14998,0.0
14999,0.0
15000,1.0
